[
    {
        "model": "auth.user",
        "pk": 3,
        "fields": {
            "password": "pbkdf2_sha256$870000$n6pztXZz4s7sOzUlOwkKpO$wdIZ5pisuGmQVAUGbr6H38DpIHKqf4n/4AQbgdutv08=",
            "last_login": "2025-03-20T14:51:40.722Z",
            "is_superuser": true,
            "username": "admin",
            "first_name": "",
            "last_name": "",
            "email": "",
            "is_staff": true,
            "is_active": true,
            "date_joined": "2025-03-20T12:35:45.353Z",
            "groups": [],
            "user_permissions": []
        }
    },
    {
        "model": "main.category",
        "pk": 1,
        "fields": {
            "name": "Сезонное меню",
            "description": "Сезонные блюда, адаптированные под время года",
            "image": "categories/Салат-с-карамелизированным-инжиром_сливой_и_козьим_сыром-1.jpg"
        }
    },
    {
        "model": "main.category",
        "pk": 2,
        "fields": {
            "name": "Бутерброды",
            "description": "Разнообразные бутерброды и сэндвичи",
            "image": "categories/buterbrod_5327.jpg"
        }
    },
    {
        "model": "main.category",
        "pk": 3,
        "fields": {
            "name": "Завтрак",
            "description": "Блюда и напитки для идеального старта дня",
            "image": "categories/c422768712d8add6b000e6be24e37772.jpg"
        }
    },
    {
        "model": "main.category",
        "pk": 4,
        "fields": {
            "name": "Основное меню",
            "description": "Горячие блюда, мясо, рыба, паста",
            "image": "categories/q50TjGD0skM.jpg"
        }
    },
    {
        "model": "main.category",
        "pk": 5,
        "fields": {
            "name": "Десерты",
            "description": "Сладкие угощения для любого настроения",
            "image": "categories/49497cc636474639cf6fac7727b0096d.jpg"
        }
    },
    {
        "model": "main.category",
        "pk": 6,
        "fields": {
            "name": "Кофейные напитки",
            "description": "Классика на основе эспрессо и молока",
            "image": "categories/dd8f7ac5-900c-5da0-a0e6-0c6b264ad571.jpg"
        }
    },
    {
        "model": "main.category",
        "pk": 7,
        "fields": {
            "name": "Оригинальные кофейные напитки",
            "description": "Необычные вкусы и сочетания в кофейных напитках",
            "image": "categories/i_20.webp"
        }
    },
    {
        "model": "main.category",
        "pk": 8,
        "fields": {
            "name": "Кофе и напитки на кокосовом молоке",
            "description": "Для любителей растительного молока — кокос",
            "image": "categories/koktejl_kokos_stakan_113720_3840x2400.jpg"
        }
    },
    {
        "model": "main.category",
        "pk": 9,
        "fields": {
            "name": "Кофе и напитки на миндальном молоке",
            "description": "Альтернативные напитки на миндальном молоке",
            "image": "categories/20981364cd1001e8aa88cd7a11c76c74.jpeg"
        }
    },
    {
        "model": "main.category",
        "pk": 10,
        "fields": {
            "name": "Кофе и напитки на низколактозном молоке",
            "description": "Меню для тех, кто ограничивает лактозу",
            "image": "categories/og_og_1686053937275976322.jpg"
        }
    },
    {
        "model": "main.category",
        "pk": 11,
        "fields": {
            "name": "Авторский чай",
            "description": "Оригинальные рецепты чая с добавками и специями",
            "image": "categories/KFv0mgAajVA.jpg"
        }
    },
    {
        "model": "main.category",
        "pk": 12,
        "fields": {
            "name": "Какао, чай, напитки",
            "description": "Разнообразие напитков помимо кофе",
            "image": "categories/podpiska-napitki-minsk-skidka-cookersribzo1.jpg"
        }
    },
    {
        "model": "main.category",
        "pk": 13,
        "fields": {
            "name": "Прохладительные напитки",
            "description": "Освежающие напитки на любой вкус",
            "image": "categories/scale_1200_4.jpg"
        }
    },
    {
        "model": "main.product",
        "pk": 1,
        "fields": {
            "name": "Осенний суп из тыквы",
            "category": 1,
            "description": "Сливочный суп с тыквой и ароматными специями",
            "price": "300.00",
            "image": "products/2a3369eb33794a05a0b09f68ee6760ed.jpg"
        }
    },
    {
        "model": "main.product",
        "pk": 2,
        "fields": {
            "name": "Весенний салат с молодыми овощами",
            "category": 1,
            "description": "Лёгкий салат с хрустящими овощами и зеленью",
            "price": "250.00",
            "image": "products/maxresdefault_1.jpg"
        }
    },
    {
        "model": "main.product",
        "pk": 3,
        "fields": {
            "name": "Летний холодный борщ",
            "category": 1,
            "description": "Охлаждённый свекольный суп с огурцом и зеленью",
            "price": "270.00",
            "image": "products/kholodnyy-borshch-so-svekloy.jpg"
        }
    },
    {
        "model": "main.product",
        "pk": 4,
        "fields": {
            "name": "Зимняя уха с лососем",
            "category": 1,
            "description": "Наваристая уха из лосося со свежей зеленью",
            "price": "350.00",
            "image": "products/2c92ee2b7db82a303e7a077f786b5554.webp"
        }
    },
    {
        "model": "main.product",
        "pk": 5,
        "fields": {
            "name": "Освежающий ягодный морс",
            "category": 1,
            "description": "Напиток из лесных ягод и мяты",
            "price": "150.00",
            "image": "products/356202db2acac8fdd1de6775fd4218a9.jpeg"
        }
    },
    {
        "model": "main.product",
        "pk": 6,
        "fields": {
            "name": "Классический бутерброд с ветчиной",
            "category": 2,
            "description": "Хлеб, ветчина, сыр, салат и соус",
            "price": "180.00",
            "image": "products/1440x1082.jpg"
        }
    },
    {
        "model": "main.product",
        "pk": 7,
        "fields": {
            "name": "Бутерброд с красной рыбой",
            "category": 2,
            "description": "Слабосолёная рыба, сливочный сыр и свежий огурец",
            "price": "220.00",
            "image": "products/post_5c0b94c3e04cb.jpeg"
        }
    },
    {
        "model": "main.product",
        "pk": 8,
        "fields": {
            "name": "Бутерброд с сыром и помидором",
            "category": 2,
            "description": "Тост, плавленый сыр, сочные томаты и зелень",
            "price": "160.00",
            "image": "products/oshomenu20.jpg"
        }
    },
    {
        "model": "main.product",
        "pk": 9,
        "fields": {
            "name": "Клубный с курицей и беконом",
            "category": 2,
            "description": "Трёхслойный сэндвич с куриным филе, беконом и соусом",
            "price": "260.00",
            "image": "products/DSC04219-1200x822.jpg"
        }
    },
    {
        "model": "main.product",
        "pk": 10,
        "fields": {
            "name": "Вегетарианский с авокадо",
            "category": 2,
            "description": "Авокадо, помидоры, салат, оливковое масло",
            "price": "230.00",
            "image": "products/770336411656b212601249e4e922d8cf.jpg"
        }
    },
    {
        "model": "main.product",
        "pk": 11,
        "fields": {
            "name": "Омлет с сыром и зеленью",
            "category": 3,
            "description": "Классический омлет из яиц с добавлением сыра",
            "price": "190.00",
            "image": "products/muF8PkusEm4.jpg"
        }
    },
    {
        "model": "main.product",
        "pk": 12,
        "fields": {
            "name": "Каша овсяная с ягодами",
            "category": 3,
            "description": "Овсяные хлопья на молоке с ягодами и мёдом",
            "price": "150.00",
            "image": "products/scale_1200_3.jpg"
        }
    },
    {
        "model": "main.product",
        "pk": 13,
        "fields": {
            "name": "Сырники со сметаной",
            "category": 3,
            "description": "Нежные сырники из творога со сметаной",
            "price": "210.00",
            "image": "products/8900f46ec1d0e44553c62707fbc33ffd.jpg"
        }
    },
    {
        "model": "main.product",
        "pk": 14,
        "fields": {
            "name": "Панкейки с шоколадом",
            "category": 3,
            "description": "Американские блинчики с шоколадным соусом",
            "price": "220.00",
            "image": "products/2c8ab4f1330e58b1824b044483f3a6e6.png"
        }
    },
    {
        "model": "main.product",
        "pk": 15,
        "fields": {
            "name": "Тосты с джемом",
            "category": 3,
            "description": "Поджаренные тосты с ягодным джемом",
            "price": "120.00",
            "image": "products/wksuxc2s-r.webp"
        }
    },
    {
        "model": "main.product",
        "pk": 16,
        "fields": {
            "name": "Стейк из говядины",
            "category": 4,
            "description": "Сочное говяжье филе, прожарка на выбор",
            "price": "590.00",
            "image": "products/opera-snimok_2019-02-12_110445_grottbar.ru_-800x494.png"
        }
    },
    {
        "model": "main.product",
        "pk": 17,
        "fields": {
            "name": "Курица в сливочном соусе",
            "category": 4,
            "description": "Куриное филе, запечённое в ароматном соусе",
            "price": "320.00",
            "image": "products/51039004.jpg"
        }
    },
    {
        "model": "main.product",
        "pk": 18,
        "fields": {
            "name": "Паста карбонара",
            "category": 4,
            "description": "Спагетти с беконом, яйцом и сыром пармезан",
            "price": "350.00",
            "image": "products/4RNh6BWN388.jpg"
        }
    },
    {
        "model": "main.product",
        "pk": 19,
        "fields": {
            "name": "Ризотто с грибами",
            "category": 4,
            "description": "Итальянский рис с белыми грибами и пармезаном",
            "price": "360.00",
            "image": "products/7174d10723f9d557fe4bc124e8730a89.jpg"
        }
    },
    {
        "model": "main.product",
        "pk": 20,
        "fields": {
            "name": "Каре ягнёнка с розмарином",
            "category": 4,
            "description": "Нежное мясо ягнёнка, запечённое с травами",
            "price": "720.00",
            "image": "products/preview_preview_image-4FWzn2X7WgbYlKAmNJla979ZlFWcII-btQ.jpg"
        }
    },
    {
        "model": "main.product",
        "pk": 21,
        "fields": {
            "name": "Медовик",
            "category": 5,
            "description": "Слоёный торт с ароматным мёдом",
            "price": "250.00",
            "image": "products/DSCF4799.jpg"
        }
    },
    {
        "model": "main.product",
        "pk": 22,
        "fields": {
            "name": "Чизкейк классический",
            "category": 5,
            "description": "Нежный чизкейк с сыром крем-чиз",
            "price": "300.00",
            "image": "products/delicious-cheesecake-e1561289522668.jpg"
        }
    },
    {
        "model": "main.product",
        "pk": 23,
        "fields": {
            "name": "Эклеры с заварным кремом",
            "category": 5,
            "description": "Французская выпечка с нежной начинкой",
            "price": "200.00",
            "image": "products/scale_1200_2.jpg"
        }
    },
    {
        "model": "main.product",
        "pk": 24,
        "fields": {
            "name": "Шоколадный фондан",
            "category": 5,
            "description": "Десерт с тёплой текучей серединой",
            "price": "280.00",
            "image": "products/4910a657-e2b3-4c79-9253-4da5a70c4423.jpg"
        }
    },
    {
        "model": "main.product",
        "pk": 25,
        "fields": {
            "name": "Фруктовый салат с мятой",
            "category": 5,
            "description": "Свежие фрукты, заправленные лёгким сиропом",
            "price": "230.00",
            "image": "products/1.jpg"
        }
    },
    {
        "model": "main.product",
        "pk": 26,
        "fields": {
            "name": "Эспрессо",
            "category": 6,
            "description": "Классический крепкий кофе",
            "price": "100.00",
            "image": "products/i_17.webp"
        }
    },
    {
        "model": "main.product",
        "pk": 27,
        "fields": {
            "name": "Американо",
            "category": 6,
            "description": "Кофе на основе эспрессо, разбавленный водой",
            "price": "110.00",
            "image": "products/XXXL_1.webp"
        }
    },
    {
        "model": "main.product",
        "pk": 28,
        "fields": {
            "name": "Капучино",
            "category": 6,
            "description": "Эспрессо, молоко и воздушная молочная пена",
            "price": "150.00",
            "image": "products/XXXL.webp"
        }
    },
    {
        "model": "main.product",
        "pk": 29,
        "fields": {
            "name": "Латте",
            "category": 6,
            "description": "Больше молока, мягкий вкус",
            "price": "160.00",
            "image": "products/scale_1200_1.jpg"
        }
    },
    {
        "model": "main.product",
        "pk": 30,
        "fields": {
            "name": "Флэт Уайт",
            "category": 6,
            "description": "Двойной эспрессо и микропена молока",
            "price": "170.00",
            "image": "products/Hs1mqVcCbyEfe1U6x-smz6Fl0xHq513QOh3Shb2oh6y6Imn0cAZZs_mVPFqf4g9D07bt0HHtGD6_RSE_yH8xVle.jpg"
        }
    },
    {
        "model": "main.product",
        "pk": 31,
        "fields": {
            "name": "Раф кофе",
            "category": 7,
            "description": "Сливки, эспрессо и ванильный сахар — всё взбито вместе",
            "price": "190.00",
            "image": "products/i_16.webp"
        }
    },
    {
        "model": "main.product",
        "pk": 32,
        "fields": {
            "name": "Лавандовый латте",
            "category": 7,
            "description": "Нежный кофейный напиток с лавандовым сиропом",
            "price": "200.00",
            "image": "products/orig.webp"
        }
    },
    {
        "model": "main.product",
        "pk": 33,
        "fields": {
            "name": "Кофе по-вьетнамски",
            "category": 7,
            "description": "Эспрессо через сгущённое молоко",
            "price": "180.00",
            "image": "products/1d873f1ecd999ba01137d4af7509f28f.jpg"
        }
    },
    {
        "model": "main.product",
        "pk": 34,
        "fields": {
            "name": "Кофе с корицей",
            "category": 7,
            "description": "Ароматный напиток с добавлением молотой корицы",
            "price": "150.00",
            "image": "products/360_F_468252682_b3VBafM0JP1R3rnPgWuHmfsjFVpgCgtL.jpg"
        }
    },
    {
        "model": "main.product",
        "pk": 35,
        "fields": {
            "name": "Кофе с кардамоном",
            "category": 7,
            "description": "Пряный вкус и тонкий аромат кардамона",
            "price": "160.00",
            "image": "products/i_15.webp"
        }
    },
    {
        "model": "main.product",
        "pk": 36,
        "fields": {
            "name": "Латте на кокосовом молоке",
            "category": 8,
            "description": "Мягкий кремовый вкус с лёгким ароматом кокоса",
            "price": "180.00",
            "image": "products/30258560082851265_cf23.jpg"
        }
    },
    {
        "model": "main.product",
        "pk": 37,
        "fields": {
            "name": "Капучино на кокосовом молоке",
            "category": 8,
            "description": "Пенка из кокосового молока и эспрессо",
            "price": "190.00",
            "image": "products/photo_2024-11-25_230.jpeg"
        }
    },
    {
        "model": "main.product",
        "pk": 38,
        "fields": {
            "name": "Фраппе с кокосом",
            "category": 8,
            "description": "Холодный кофе с кокосовой ноткой и льдом",
            "price": "200.00",
            "image": "products/maxresdefault.jpg"
        }
    },
    {
        "model": "main.product",
        "pk": 39,
        "fields": {
            "name": "Моккачино с кокосом",
            "category": 8,
            "description": "Шоколад, кофе и кокосовое молоко",
            "price": "210.00",
            "image": "products/i_14.webp"
        }
    },
    {
        "model": "main.product",
        "pk": 40,
        "fields": {
            "name": "Кофе Гляссе с кокосовой стружкой",
            "category": 8,
            "description": "Кофе со сливочным мороженым и кокосовой стружкой",
            "price": "220.00",
            "image": "products/360_F_130411453_KjlGLrgSg0lpVZl2wEE5rR8BdcmnJjOT.jpg"
        }
    },
    {
        "model": "main.product",
        "pk": 41,
        "fields": {
            "name": "Латте на миндальном молоке",
            "category": 9,
            "description": "Альтернативная версия латте с ореховым послевкусием",
            "price": "180.00",
            "image": "products/i_13.webp"
        }
    },
    {
        "model": "main.product",
        "pk": 42,
        "fields": {
            "name": "Капучино на миндальном молоке",
            "category": 9,
            "description": "Пенка на миндальном молоке, деликатный вкус",
            "price": "190.00",
            "image": "products/i_12.webp"
        }
    },
    {
        "model": "main.product",
        "pk": 43,
        "fields": {
            "name": "Раф на миндальном молоке",
            "category": 9,
            "description": "Взбитые сливки (растительные), эспрессо, сироп",
            "price": "210.00",
            "image": "products/i_11.webp"
        }
    },
    {
        "model": "main.product",
        "pk": 44,
        "fields": {
            "name": "Миндальный мокко",
            "category": 9,
            "description": "Шоколад, кофе и миндальное молоко",
            "price": "220.00",
            "image": "products/98xPy6T2QR8.jpg"
        }
    },
    {
        "model": "main.product",
        "pk": 45,
        "fields": {
            "name": "Матча-латте на миндальном молоке",
            "category": 9,
            "description": "Зелёный чай матча с мягким ореховым вкусом",
            "price": "240.00",
            "image": "products/i_10.webp"
        }
    },
    {
        "model": "main.product",
        "pk": 46,
        "fields": {
            "name": "Эспрессо макиато (низколактозное)",
            "category": 10,
            "description": "Классический макиато с безопасным для ЖКТ молоком",
            "price": "160.00",
            "image": "products/i_9.webp"
        }
    },
    {
        "model": "main.product",
        "pk": 47,
        "fields": {
            "name": "Капучино низколактозное",
            "category": 10,
            "description": "Воздушная пенка с пониженным содержанием лактозы",
            "price": "170.00",
            "image": "products/XXL_height.webp"
        }
    },
    {
        "model": "main.product",
        "pk": 48,
        "fields": {
            "name": "Латте низколактозное",
            "category": 10,
            "description": "Мягкий вкус при минимуме лактозы",
            "price": "180.00",
            "image": "products/Кофе_Латте.jpg"
        }
    },
    {
        "model": "main.product",
        "pk": 49,
        "fields": {
            "name": "Флэт уайт низколактозное",
            "category": 10,
            "description": "Двойной эспрессо с низколактозным молоком",
            "price": "190.00",
            "image": "products/i_8.webp"
        }
    },
    {
        "model": "main.product",
        "pk": 50,
        "fields": {
            "name": "Мокко низколактозное",
            "category": 10,
            "description": "Шоколадный кофе, забота о здоровье",
            "price": "200.00",
            "image": "products/i_7.webp"
        }
    },
    {
        "model": "main.product",
        "pk": 51,
        "fields": {
            "name": "Имбирно-медовый чай",
            "category": 11,
            "description": "Ароматный горячий напиток с имбирём и мёдом",
            "price": "140.00",
            "image": "products/e2cabcba4157fcb487781fd2411219f4.jpg"
        }
    },
    {
        "model": "main.product",
        "pk": 52,
        "fields": {
            "name": "Облепиховый чай",
            "category": 11,
            "description": "Яркий, витаминный напиток с облепихой",
            "price": "150.00",
            "image": "products/i_6.webp"
        }
    },
    {
        "model": "main.product",
        "pk": 53,
        "fields": {
            "name": "Лимонно-мятный чай",
            "category": 11,
            "description": "Освежающий чай с лимоном и мятой",
            "price": "130.00",
            "image": "products/i_5.webp"
        }
    },
    {
        "model": "main.product",
        "pk": 54,
        "fields": {
            "name": "Чай с лавандой",
            "category": 11,
            "description": "Нежный цветочный аромат и мягкий вкус",
            "price": "160.00",
            "image": "products/Screenshot_2023-07-14_at_19-27-39_Обои_на_телефон_Еда_Натюрморт_Чашка_Чай_Чайни_Q5DDpFu.png"
        }
    },
    {
        "model": "main.product",
        "pk": 55,
        "fields": {
            "name": "Ягодный чай с чабрецом",
            "category": 11,
            "description": "Смесь ягод и трав, согревающий эффект",
            "price": "170.00",
            "image": "products/i_4.webp"
        }
    },
    {
        "model": "main.product",
        "pk": 56,
        "fields": {
            "name": "Горячий шоколад",
            "category": 12,
            "description": "Насыщенный напиток из топлёного шоколада",
            "price": "180.00",
            "image": "products/scale_1200.jpg"
        }
    },
    {
        "model": "main.product",
        "pk": 57,
        "fields": {
            "name": "Какао с маршмеллоу",
            "category": 12,
            "description": "Сливочный какао с порцией зефирок",
            "price": "170.00",
            "image": "products/6663037164.jpg"
        }
    },
    {
        "model": "main.product",
        "pk": 58,
        "fields": {
            "name": "Чёрный чай с бергамотом",
            "category": 12,
            "description": "Классический аромат Эрл Грей",
            "price": "120.00",
            "image": "products/i_3_KNj4NlJ.webp"
        }
    },
    {
        "model": "main.product",
        "pk": 59,
        "fields": {
            "name": "Зелёный чай с жасмином",
            "category": 12,
            "description": "Мягкий вкус зелёного чая, тонкий аромат жасмина",
            "price": "140.00",
            "image": "products/i_2_RioXAHp.webp"
        }
    },
    {
        "model": "main.product",
        "pk": 60,
        "fields": {
            "name": "Травяной чай с ромашкой",
            "category": 12,
            "description": "Лёгкий расслабляющий напиток на травах",
            "price": "130.00",
            "image": "products/61c45c3214c22.jpg"
        }
    },
    {
        "model": "main.product",
        "pk": 61,
        "fields": {
            "name": "Лимонад цитрусовый",
            "category": 13,
            "description": "Кисло-сладкий напиток на основе лимона и апельсина",
            "price": "120.00",
            "image": "products/i_1_yfPz7wb.webp"
        }
    },
    {
        "model": "main.product",
        "pk": 62,
        "fields": {
            "name": "Мохито безалкогольный",
            "category": 13,
            "description": "Освежающий микс лайма, мяты и льда",
            "price": "130.00",
            "image": "products/i.webp"
        }
    },
    {
        "model": "main.product",
        "pk": 63,
        "fields": {
            "name": "Холодный чай с лимоном",
            "category": 13,
            "description": "Чай со льдом и дольками лимона",
            "price": "110.00",
            "image": "products/image6.png"
        }
    },
    {
        "model": "main.product",
        "pk": 64,
        "fields": {
            "name": "Смузи с бананом и клубникой",
            "category": 13,
            "description": "Фруктовый напиток на основе свежих ягод и йогурта",
            "price": "170.00",
            "image": "products/i_3.webp"
        }
    },
    {
        "model": "main.product",
        "pk": 65,
        "fields": {
            "name": "Айс кофе",
            "category": 13,
            "description": "Кофе со льдом и молоком, идеально в жару",
            "price": "160.00",
            "image": "products/i_2.webp"
        }
    },
    {
        "model": "main.table",
        "pk": 1,
        "fields": {
            "number": 1,
            "location": "У окна",
            "seats": 2
        }
    },
    {
        "model": "main.table",
        "pk": 2,
        "fields": {
            "number": 2,
            "location": "У окна",
            "seats": 2
        }
    },
    {
        "model": "main.table",
        "pk": 3,
        "fields": {
            "number": 3,
            "location": "У стены",
            "seats": 4
        }
    },
    {
        "model": "main.table",
        "pk": 4,
        "fields": {
            "number": 4,
            "location": "У стены",
            "seats": 4
        }
    },
    {
        "model": "main.table",
        "pk": 5,
        "fields": {
            "number": 5,
            "location": "У стены",
            "seats": 4
        }
    },
    {
        "model": "main.table",
        "pk": 6,
        "fields": {
            "number": 6,
            "location": "В центре",
            "seats": 8
        }
    },
    {
        "model": "main.table",
        "pk": 7,
        "fields": {
            "number": 7,
            "location": "У бара",
            "seats": 3
        }
    },
    {
        "model": "main.table",
        "pk": 8,
        "fields": {
            "number": 8,
            "location": "У бара",
            "seats": 4
        }
    },
    {
        "model": "main.specialoffers",
        "pk": 1,
        "fields": {
            "date_starting": "2025-03-20T18:44:51Z",
            "date_ending": "2026-02-01T18:44:53Z",
            "image": "specials/101720697525.11720697525.webp"
        }
    },
    {
        "model": "main.specialoffers",
        "pk": 2,
        "fields": {
            "date_starting": "2025-03-20T18:45:19Z",
            "date_ending": "2026-02-01T18:45:20Z",
            "image": "specials/slaiderburgerysait1712520112.webp"
        }
    }
]